id,similarity
0,0.6550773343602545
1,0.042402974880402566
2,0.42063160449358283
3,0.48269485659587674
4,0.4639244608009283
5,0.5281004616564852
6,0.4502828210564779
7,0.4872862756258014
8,0.5573937756353486
9,0.4593389495708181
10,0.17824836324573134
11,0.8202363598554508
12,0.3861684067836195
13,0.617351559820732
14,0.6752417411293571
15,0.14196330663648904
16,0.3702025345319978
17,0.7550417035395827
18,0.29561069567292086
19,0.3297600484244648
20,0.545055565215985
21,0.1762262787326091
22,0.6738411269346958
23,0.6653681396956808
24,0.21855755773471974
25,0.7156132585265507
26,0.5045716022325075
27,0.2568000946969412
28,0.7025126225182181
29,0.45406387896138045
30,0.4564453934452488
31,0.19542287550388593
32,0.18776261668031624
33,0.5988269418348844
34,0.4859258273086424
35,0.02656423749432124
36,0.10453552808957767
37,0.4688293424081864
38,0.8739701154049102
39,0.04943141364876713
40,0.08839429115388087
41,0.7367222812824314
42,0.56714123885463
43,0.7303825409591683
44,0.3475897336961842
45,0.5821585746399314
46,0.6769449014946235
47,0.0645703381058148
48,0.0605039945251844
49,0.754976864492634
50,0.23128220317747517
51,0.2196345880931072
52,0.6571419581423538
53,0.6388116529683234
54,0.19054399223603458
55,0.6234554173072446
56,0.9973506846070919
57,0.03394411341262227
58,0.7886080936731118
59,0.044823740041545324
60,0.6248805903433914
61,0.6732184941059063
62,0.298569823919801
63,0.77245450821817
64,0.3279717861229825
65,0.7127172456120536
66,0.04253839475645349
67,0.04568113018752007
68,0.2922354699116637
69,0.3029693457489736
70,0.5952945018352385
71,0.5577363982867005
72,0.40234674396260106
73,0.3335994987384765
74,0.5606403937110422
75,0.3590673529487185
76,0.6413910467894064
77,0.19035021946822872
78,0.01960772129016186
79,0.10625009881521774
80,0.5071279268948634
81,0.8398108599687187
82,0.23108748653598743
83,0.052698835880236605
84,0.21032032951782553
85,0.7099068449133192
86,0.6842363152354323
87,0.17926268512590982
88,0.24856420628740084
89,0.03132283882011444
90,0.41089476908400424
91,0.23886635778234755
92,0.43027871480157576
93,0.05063817039625307
94,0.2289668822487081
95,0.4050658826681526
96,0.05164706289663967
97,0.0783282025601908
98,0.35079013704255324
99,0.34093686082741004
100,0.48815759651325885
101,0.7943360863349682
102,0.7450346770449419
103,0.559512156371647
104,0.5861702974453523
105,0.825210078979692
106,0.3787846114344432
107,0.4913627532880078
108,0.7136335631126298
109,0.45827862923561935
110,0.21980422894815999
111,0.4383891331235301
112,0.7650190136049201
113,0.30222750524615527
114,0.38786467550945924
115,0.20790615194116757
116,0.6633786068827758
117,0.619671326479325
118,0.5890987709262796
119,0.5058480807894559
120,0.03626878033903003
121,0.09313161607975162
122,0.021846908532587195
123,0.030597973334089867
124,0.6226012352505379
125,0.263856130505576
126,0.39251817587455307
127,0.40131222758109975
128,0.4334058250244336
129,0.24770196067250672
130,0.38498290976477645
131,0.4822862537077284
132,0.0479669267610342
133,0.4219267789932061
134,0.38436420961140194
135,0.1976612169114894
136,0.7479906475756384
137,0.31118176660947583
138,0.7646123504366048
139,0.2211955186623351
140,0.7472306386042218
141,0.11297213855583665
142,0.6228473993200041
143,0.31794415834919465
144,0.470679026821307
145,0.46798650948669496
146,0.524396481572798
147,0.44023920654504056
148,0.19477149782042136
149,0.5609578168813445
150,0.348810400285118
151,0.02656423749432124
152,0.39220587212699987
153,0.4995693126691396
154,0.8158400691974163
155,0.6044631658575415
156,0.3306012360836259
157,0.35269707464692635
158,0.7808495718222017
159,0.5215020910508185
160,0.053544291082709417
161,0.6076724535157993
162,0.7406084886069804
163,0.6785663989931479
164,0.7953606690073287
165,0.6045822801327128
166,0.45877419944417663
167,0.04563104126918094
168,0.6528993353063186
169,0.36022402619880434
170,0.8467634126751832
171,0.6633222056304993
172,0.020028344700438017
173,0.034163782259694075
174,0.5930507595575591
175,0.5880361090203666
176,0.6561909765341203
177,0.31268377402145187
178,0.18394560751776046
179,0.5522699315325277
180,0.6532279583466413
181,0.6077039621423952
182,0.044629596282367845
183,0.6554790403187207
184,0.7476327172501889
185,0.2829771932220708
186,0.47139520522760103
187,0.6407827952275656
188,0.6963436261987319
189,0.7628808287627646
190,0.10664430881436704
191,0.7598705568567126
192,0.48875867226076286
193,0.055387467767891385
194,0.7150341051661402
195,0.3427038239929271
196,0.37037235189341133
197,0.03367980773798962
198,0.040592392707864966
199,0.22225003606182403
200,0.5316980191851657
201,0.4090266914721147
202,0.05679196558410715
203,0.3374816640956432
204,0.36587931559508924
205,0.25809822934457927
206,0.27116225593958554
207,0.5811656241846206
208,0.08968365728845185
209,0.7149303592230496
210,0.33803951956087774
211,0.28358654309601017
212,0.5559744534346447
213,0.461067388916498
214,0.5381409083989843
215,0.07977104123589851
216,0.31848035851729894
217,0.0070978956370622015
218,0.16854233338120772
219,0.04800878810149256
220,0.273263904179896
221,0.008762700957525626
222,0.6893310690746346
223,0.6604430679142697
224,0.24892774505016657
225,0.6453925626174544
226,0.18063487327756167
227,0.14507348536359377
228,0.043032632019442296
229,0.10447567425353965
230,0.8492341230212829
231,0.7518213680610174
232,0.28939523796759326
233,0.638325289876031
234,0.7127161075412963
235,0.8468922391529198
236,0.49790664663227324
237,0.02646999068598188
238,0.6834640723556342
239,0.861263030718893
240,0.24818556417256177
241,0.2595222890580948
242,0.7871340111735985
243,0.04250660463322875
244,0.10821575372570946
245,0.6876226530803551
246,0.7110395245292755
247,0.2609524562991554
248,0.357925566426071
249,0.48080043568066777
250,0.05567433748210615
251,0.4511107945004136
252,0.17775332769427288
253,0.6653310122631537
254,0.6295161669031293
255,0.646268827796465
256,0.5745665319018436
257,0.7757415645284239
258,0.4545278063183469
259,0.7406945281642041
260,0.24190923006576281
261,0.8867581551275497
262,0.08900598119973946
263,0.7991429413274731
264,0.22740463983593617
265,0.5680697416677731
266,0.8721840864541565
267,0.4576861071915007
268,0.07118304601000613
269,0.33746576905788583
270,0.38397771778056966
271,0.6571595019402264
272,0.7522724298319607
273,0.5772160969746329
274,0.7302932116795551
275,0.23594475979513285
276,0.7903438891809544
277,0.8663830169329895
278,0.714873471629784
279,0.3851455915120834
280,0.755440749339303
281,0.04393039957451916
282,0.14544620604330416
283,0.5637005821331849
284,0.04508566731717378
285,0.19709628102490528
286,0.43552919974683013
287,0.7760308493698684
288,0.13267165086466803
289,0.5714873269156392
290,0.2178811305109718
291,0.52132850333589
292,0.4572414628094469
293,0.3334839686767914
294,0.23256332425156667
295,0.1529169253482212
296,0.33923044933493285
297,0.9760936856818866
298,0.03739230241377145
299,0.38537307373708385
300,0.2972166126959451
301,0.24747785060742988
302,0.43605102078388547
303,0.5018778612745323
304,0.32224512074979406
305,0.30580648673024424
306,0.3378329769204078
307,0.7993534572348113
308,0.2644081647164386
309,0.6371688338806505
310,0.10522270443943871
311,0.7753068086724215
312,0.2734728722755335
313,0.09262476454830093
314,0.9796620766302712
315,0.8204006852153497
316,0.8572473301538395
317,0.80494929944906
318,0.6833394834822368
319,0.6807617350093054
320,0.3501523342438396
321,0.30466187904983144
322,0.642684902506554
323,0.5964031984760754
324,0.8747840285097195
325,0.48257414188537306
326,0.05596350459798893
327,0.5680663631893696
328,0.6202684866843127
329,0.7760524459400775
330,0.47855396363922165
331,0.5418985977579811
332,0.11151637935975289
333,0.7276426104500491
334,0.08693482023481103
335,0.07806219380101242
336,0.20628134740384885
337,0.31572425411574523
338,0.6566792116411048
339,0.6550294255690582
340,0.047399837898183805
341,0.7598682288542563
342,0.04010519095833731
343,0.7144272799116822
344,0.43206778240605725
345,0.042874057417119804
346,0.052698835880236605
347,0.2120695323166596
348,0.2602265048917787
349,0.5858364385916861
350,0.5201940910484415
351,0.23573691707597721
352,0.01824848001707291
353,0.04499254026515909
354,0.5528306231972201
355,0.6869200929459343
356,0.45167823886566527
357,0.08110239566192545
358,0.5331230753968548
359,0.27239151549924856
360,0.8740295524282107
361,0.5402159118591738
362,0.24837535258816845
363,0.30346552437826335
364,0.03626878033903003
365,0.44861430737754615
366,0.5027258957549339
367,0.12363341527894889
368,0.5268814183828952
369,0.06093074850728175
370,0.6967737359308719
371,0.6014057879547494
372,0.7867203466556731
373,0.5229815120923749
374,0.553835828862421
375,0.7561644548166777
376,0.5076604964667943
377,0.7360010850686574
378,0.6788682588578316
379,0.7187411007298685
380,0.4980676637415684
381,0.2830571581569089
382,0.31054649519769995
383,0.5928651584849147
384,0.037463672411725546
385,0.032749235447250946
386,0.671534969833369
387,0.30586379995002877
388,0.0037139954821525656
389,0.307723509563548
390,0.04942634842076876
391,0.07798330702516487
392,0.5857754771448056
393,0.03334314606814892
394,0.6792927769859315
395,0.29542162350168144
396,0.30171212031152606
397,0.7173084158615433
398,0.8177047538675368
399,0.9253770691405235
400,0.40783206203981104
401,0.6021720370702177
402,0.5776988840344018
403,0.09203927659348388
404,0.46642279113037277
405,0.639264463846099
406,0.08198132253678303
407,0.2589689000809301
408,0.19164636572047167
409,0.593403982086617
410,0.33822802993350287
411,0.5394470986243964
412,0.6358707848309805
413,0.2382809446644366
414,0.6476339510730121
415,0.4425540977395468
416,0.04250660463322875
417,0.5992553492359587
418,0.09312494386166204
419,0.04796834244861525
420,0.3448548384887892
421,0.04140021068246713
422,0.31009037363425374
423,0.09613789234258352
424,0.6505427226613115
425,0.7310957009920733
426,0.10359773002357586
427,0.5855543739390054
428,0.5243747294383518
429,0.3238014383888348
430,0.24550879688421112
431,0.8279267785558968
432,0.8149761586290807
433,0.05210742843585059
434,0.4918215843398933
435,0.6096370562888143
436,0.7001199546467584
437,0.50591291419597
438,0.52069081227886
439,0.4973760879578163
440,0.6143956399595638
441,0.4598976650515638
442,0.38254076138351845
443,0.0037139954821525656
444,0.5878178915876338
445,0.9276573358083613
446,0.05125131723701393
447,0.15641878914294705
448,0.09255982537891072
449,0.04219156085300069
450,0.902403301987525
451,0.23306545019987346
452,0.26864301589296424
453,0.04106643383171715
454,0.410387540420563
455,0.7641323677151769
456,0.2593438652126695
457,0.28632431348379983
458,0.17155844273026
459,0.6568325210224765
460,0.08336155668485701
461,0.5933382616843568
462,0.22583255962082216
463,0.07992183624102944
464,0.5582910701870025
465,0.515925957701868
466,0.14175312243136984
467,0.4194526034068977
468,0.0070978956370622015
469,0.6144116748041115
470,0.47730937404327733
471,0.5527887262941414
472,0.012180999291581007
473,0.7143396547968408
474,0.5835485686208903
475,0.5627334067808585
476,0.14742957551151048
477,0.20891328637957407
478,0.19088900700989064
479,0.7246971983690296
480,0.032749235447250946
481,0.20466536873264674
482,0.8541856912048901
483,0.43020960154539745
484,0.3761472463203812
485,0.06177399841869147
486,0.0508796306890974
487,0.1297661538393855
488,0.19638501958366816
489,0.7344713320127829
490,0.7058310056423079
491,0.4282965270253989
492,0.5018871734028161
493,0.25842686304026563
494,0.28394263780349194
495,0.0405696777690453
496,0.5088577950152229
497,0.6293880793025752
498,0.3619505213798455
499,0.8832858520716652
500,0.21117420896301753
501,0.4685574728840184
502,0.11495897544453237
503,0.6735508303839931
504,0.03364287074724159
505,0.3295541820280028
506,0.546133199009796
507,0.7160001885219536
508,0.30285141287439177
509,0.19199162853099283
510,0.4896974120121721
511,0.3565901055221713
512,0.05040774008544824
513,0.6118917960742574
514,0.6407481239153981
515,0.7319054868952543
516,0.5480480769912657
517,0.4477237137658918
518,0.6846812910982834
519,0.4865204177200899
520,0.8496057263963248
521,0.707629500335887
522,0.2430242966395525
523,0.33501404162141046
524,0.3865297167596251
525,0.006013254198114271
526,0.07338651098551008
527,0.9999999999988625
528,0.04557368723235811
529,0.0774788671778669
530,0.562092281031056
531,0.5388096580011725
532,0.8222297084449898
533,0.602082199161333
534,0.08913882735428558
535,0.4556472500813512
536,0.440882645284951
537,0.0199459565908634
538,0.008061577823072263
539,0.35443143426003143
540,0.3987745696554791
541,0.9534909388325362
542,0.10318948253114779
543,0.3751204632001591
544,0.09788088471508838
545,0.37753376855263543
546,0.17557110962357714
547,0.7694320341364054
548,0.5936129435517723
549,0.6181369106647147
550,0.2801160221003105
551,0.6838564059781086
552,0.4612807206050791
553,0.539999877202806
554,0.5043500864550328
555,0.6139605275048119
556,0.7277938646612823
557,0.4546987430571834
558,0.38872823556673064
559,0.12698434232133626
560,0.3863856370204084
561,0.5955247484262642
562,0.29998453924759705
563,0.4664988393246323
564,0.03166000942034075
565,0.7274354649756616
566,0.19166308822007783
567,0.5011578240442753
568,0.36826866184153406
569,0.08401690147806484
570,0.48417071999482664
571,0.05779374823272221
572,0.15356386926104082
573,0.49699310007122943
574,0.22994293619074002
575,0.6031833989996942
576,0.19964145194853622
577,0.5252638434313923
578,0.05877806655732709
579,0.6575508045036143
580,0.5777916480672263
581,0.2009447072496816
582,0.2820349080527257
583,0.2876114859505948
584,0.45668171954932046
585,0.56714123885463
586,0.6932374251046116
587,0.07633690153505712
588,0.2204552967465092
589,0.5897665309666325
590,0.15929299295319288
591,0.6202593859601546
592,0.028900043188878066
593,0.49396609248477796
594,0.6480784008800307
595,0.035362051803791816
596,0.6773028420727826
597,0.08563481061387446
598,0.6829071566618612
599,0.33238413635248676
600,0.520142004515605
601,0.3895718295938275
602,0.16753648278589317
603,0.17160962567710403
604,0.7125037179741871
605,0.6070584944655288
606,0.0779739887542582
607,0.35167538435373524
608,0.6460966887939446
609,0.3278049599007614
610,0.5580374242143894
611,0.920373926380224
612,0.09004785220930178
613,0.31793349836491325
614,0.2648699081827002
615,0.02144545880280757
616,0.3919488500583327
617,0.7469960451626629
618,0.395175535644797
619,0.40139837145150215
620,0.4962966080221013
621,0.7108201935700778
622,0.6547806098137525
623,0.48320889186382276
624,0.07888889501643359
625,0.7149693619186429
626,0.6885420332616102
627,0.10085957293003445
628,-0.004258881370229339
629,0.39755191275673607
630,0.739514573394458
631,0.31931513892701746
632,0.5076700880657723
633,0.2111027714150533
634,0.23143897666044577
635,0.028675217427696298
636,0.2912023099621611
637,0.6091622243393909
638,0.26667834879497243
639,0.4762813986695206
640,0.2993845199075582
641,0.8322196776524206
642,0.10614213210576473
643,0.7255314417046037
644,0.33942061109507893
645,0.2773407030154237
646,0.04032384712032944
647,0.6705290734192002
648,0.365153604181621
649,0.041002714129111606
650,0.6008596757461075
651,0.39761284968583954
652,0.06882023165540208
653,0.1988110734584544
654,0.39377727303934806
655,0.6887700584147981
656,0.014639438644749814
657,0.4702684431471458
658,0.5473438198465068
659,0.8583196839777074
660,0.3105511583445315
661,0.27908714851729444
662,0.07950473560634996
663,0.28003321182106566
664,0.5592486475687186
665,0.7464945395849252
666,0.5226258100776914
667,0.4299860655205676
668,0.5742513296981261
669,0.8016439703284112
670,0.019014890225423686
671,0.23660480407270257
672,0.03664927410550134
673,0.05205358013966632
674,0.4365965237787687
675,0.7145388144859587
676,0.5619943923136392
677,0.6968448410997624
678,0.22568641452531912
679,0.7167334227564224
680,0.5138015221043015
681,0.6079654582158611
682,0.36794327934477933
683,0.0489573854070795
684,0.621556302057826
685,0.6097357365324085
686,0.48023179945146943
687,0.7823714605285235
688,0.22436444651207355
689,0.015919557430346343
690,0.031118395626928974
691,0.44018954515979003
692,0.26498827740356723
693,0.5015691877022515
694,0.13445371096265968
695,0.5648658902246066
696,0.3017717946551771
697,0.7341879819208625
698,0.0969895964939066
699,0.3725354510047375
700,0.06989411744701879
701,0.007173608263651099
702,0.5144713891309289
703,0.17147247733947768
704,0.815262672949896
705,0.17182178928735858
706,0.270115310776448
707,0.04316068187204458
708,0.0003276895069634911
709,0.726416289537364
710,0.2144598126453714
711,0.22764897222452485
712,0.016053620962885207
713,0.4595822731606176
714,0.4856975238556025
715,0.5108311909057901
716,0.6780168320339433
717,0.08039323857568303
718,0.21298524198627877
719,0.6125469807104972
720,0.051563684345177996
721,0.5142215266368804
722,0.4721348084846858
723,0.08366360793904537
724,0.7567697465311405
725,0.6489436899588723
726,0.4947456234499856
727,0.721378520253542
728,0.19895464597396173
729,0.028570001813511547
730,0.042402974880402566
731,0.363620378216737
732,0.17630312522516822
733,0.46431569971459985
734,0.03176577438205874
735,0.7802768599213135
736,0.6403438706512956
737,0.6323601277031035
738,0.2796650682667583
739,0.5473741305845631
740,0.8449771133918402
741,0.6365281443427426
742,0.2709900029084642
743,0.5154185769958822
744,0.6216160841288544
745,0.54957324475249
746,0.5961150027336641
747,0.5386668237125839
748,0.4526671187056568
749,0.22090562074666165
750,0.5535731952066761
751,0.6894304539886741
752,0.414771380797867
753,0.1273741380268234
754,0.49128306796347
755,0.5900014790061798
756,0.5685784994913161
757,0.6123506323703252
758,0.7727740305043725
759,0.5036610239545604
760,0.056226833028877654
761,0.6420733072490711
762,0.5073409657732872
763,0.2062262144428525
764,0.061511211935802224
765,0.042990037895542565
766,0.7873051893405225
767,0.16132147736484448
768,0.015779215123482015
769,0.07066802711020059
770,0.440913755213473
771,0.4910309611195639
772,0.24626305925050918
773,0.7034478620613345
774,0.5766072208566856
775,0.03742758758690912
776,0.39564036847838646
777,0.9999999999979212
778,0.557470123438665
779,0.5239240989464644
780,0.019014890225423686
781,0.5155857071124909
782,0.4861609711183066
783,0.23894279752297942
784,0.2746779670584768
785,0.46095263475290116
786,0.4187688792133174
787,0.560309430125175
788,0.27436858028294075
789,0.2232205369143362
790,0.05044678289414262
791,0.7002437389413503
792,0.5201534421195955
793,0.04503886348292041
794,0.034024897617559335
795,0.18849776565472298
796,0.5040619749262871
797,0.4273890068738633
798,0.7946313253904773
799,0.22562375575821036
800,0.038734254547892144
801,0.568653209613578
802,0.739159711688413
803,0.5286323325951419
804,0.5073890941145536
805,0.48269485659587674
806,0.4881327651770213
807,0.8278431398658901
808,0.6581218604822833
809,0.6039017400061358
810,0.12452964012373802
811,0.4029653440216465
812,0.6645313835304507
813,0.24729767485394483
814,0.6530600787722768
815,0.8043389070890428
816,0.28974491493905563
817,0.6561338571020574
818,0.3010935313666089
819,0.6861282674822577
820,0.6966126477060628
821,0.02531902613419723
822,0.020720963519102242
823,0.6389364760937459
824,0.6616400635153128
825,0.023679654040397846
826,0.44457949051760937
827,0.7056370261592133
828,0.22001501202726936
829,0.6419531099687064
830,0.3790453264154593
831,0.05063817039625307
832,0.5968541693074414
833,0.4348456797571638
834,0.4485227835740603
835,0.7221928107324249
836,0.47072687449147965
837,0.13929868273194645
838,0.09794595446518706
839,0.6565909814053899
840,0.4708435490653621
841,0.07278607660191516
842,0.44856046693568286
843,0.32685056259897804
844,0.019327716031784736
845,0.7088036807477691
846,0.38154417550853725
847,0.5254272851639374
848,0.6256724376366356
849,0.6184423462911882
850,0.6120920664127378
851,0.5455747822102485
852,0.11571442759234019
853,0.09949620671797332
854,0.45858984893862065
855,0.25537641152761426
856,0.40582793570632836
857,0.3392549555897263
858,0.43179752142490146
859,0.6385248789234694
860,0.4944095356572239
861,0.5995673532965906
862,0.06951946226041306
863,0.6376761035189629
864,0.39776592786262244
865,0.04752334058033858
866,0.3522416116471686
867,0.04805424720748608
868,0.6323025010939458
869,0.5273069629964127
870,0.08679436322212952
871,0.9999999999973859
872,0.028570001813511547
873,0.2344522017779319
874,0.5983184475906889
875,0.7694908555661708
876,0.7697819342657267
877,0.33601287990680817
878,0.1368037534897577
879,0.18939608750357495
880,0.2852786598346827
881,0.5404574087164296
882,0.8359417805144257
883,0.583196736187557
884,0.4881357881618309
885,0.42778062795283855
886,0.04449733542756029
887,0.6560386571439549
888,0.039743108179150166
889,0.8128681089245562
890,0.3640839958632067
891,0.04800878810149256
892,0.10933045443422362
893,0.6408358506077343
894,0.6551330225718075
895,0.23763915259540758
896,0.10531400641175026
897,0.011441841542002229
898,0.2047432493405167
899,0.4992068516693039
900,0.7580332327846265
901,0.07441676491685201
902,0.25852509697495885
903,0.5998204995456788
904,0.27151143817877954
905,0.3509639954675897
906,0.46037055845746633
907,0.38104516888608575
908,0.4252436414253321
909,0.1434682389459997
910,0.4846403266638116
911,0.45474595240710236
912,0.0711119735010658
913,0.05261392078946314
914,0.05468785174549362
915,0.5761586472656035
916,0.27956441206141613
917,0.0388354817631722
918,0.9814655902749159
919,0.0459752121313618
920,0.8377386880578613
921,0.3869786346370616
922,0.5972928126104529
923,0.6496700415114092
924,0.5989718085713984
925,0.6259145828463535
926,0.16104423775004373
927,0.6861391842160189
928,0.8262950371687859
929,0.5322632696896634
930,0.2790043624463203
931,0.5834176994781303
932,0.4623373270977259
933,0.23893568989880287
934,0.32844137111539573
935,0.0987859797596542
936,0.038803963831774535
937,0.5592333507421365
938,0.46455527230080207
939,0.24422289637404504
940,0.3218909377993391
941,0.15072541361287783
942,0.6113960163785719
943,0.33418452685210176
944,0.5102501624858413
945,0.4684998276366754
946,0.44874976492395335
947,0.6194030508089582
948,0.04628271206906864
949,0.16921080535967947
950,0.03660174776978975
951,0.5269582464703785
952,0.26476296132434285
953,0.7895462200661754
954,0.3257435870798324
955,0.5906049329708936
956,0.6954990219031743
957,0.2137924873941499
958,0.5591985959826913
959,0.8059044566110047
960,0.05791534603517745
961,0.48054056258436484
962,0.4922238783458075
963,0.5290717175251811
964,0.24380687455182426
965,0.3689406656711339
966,0.6458135676705794
967,0.44857407805051963
968,0.006013254198114271
969,0.20787959635610997
970,0.5252847841069921
971,0.47832946446455127
972,0.48055046018134306
973,0.4672897057362544
974,0.3158807701161338
975,0.17944936096618147
976,0.7658979501410745
977,0.33106754157111873
978,0.44668786884743594
979,0.3540829129057541
980,0.07074237981902765
981,0.22691300784821955
982,0.6571686088271053
983,0.07891582443824019
984,0.9854917390697774
985,0.6955988564525568
986,0.37443186897891456
987,0.7583702776885954
988,0.48057769118366933
989,0.36977019365883523
990,0.5456618218946312
991,0.5198311428514792
992,0.7691612867266104
993,0.22830164650413487
994,0.05315590558612504
995,0.04499254026515909
996,0.07349843142367185
997,0.0495912131645766
998,0.7401464323374124
999,0.609471756837593
1000,0.582943899649677
1001,0.059314202225491885
1002,0.6583180582509534
1003,0.13187144147952345
1004,0.43645677439720143
1005,0.985550748013175
1006,0.48674036424930145
1007,0.885171650779557
1008,0.6426873852355
1009,0.56714123885463
1010,0.7601038488560719
1011,0.5289426133324246
1012,0.42369645994815264
1013,0.9023243315025068
1014,0.3519546660800168
1015,0.037708518472509445
1016,0.08931937010435054
1017,0.6326722795264741
1018,0.08507472682623307
1019,0.11124892516724494
1020,0.5851457854499551
1021,0.7223414974611158
1022,0.0751867211550099
1023,0.06267424439915403
1024,0.26441606839032916
1025,0.1694129093912543
1026,0.7524269696404574
1027,0.7071909195498429
1028,0.5487794111988873
1029,0.12219055922843247
1030,0.037024469070486066
1031,0.05203620777924034
1032,0.7683692898793056
1033,0.4043973556504027
1034,0.28795531532630647
1035,0.04540705410487045
1036,0.5506148043095803
1037,0.2810692715661498
1038,0.05017623236113444
1039,0.6745954084342922
1040,0.5529547142419675
1041,0.5785749764266008
1042,0.1180967709767291
1043,0.5146418382046722
1044,0.18090174985011187
1045,0.04724684698208703
1046,0.5987280399367514
1047,0.5819009378587869
1048,0.20972813284086822
1049,0.7326195793236309
1050,0.034718482132333306
1051,0.6228875222292245
1052,0.4982602800457887
1053,0.07074237981902765
1054,0.9882711411131633
1055,0.7799656638353395
1056,0.3891715888903432
1057,0.4122021376667274
1058,0.07570420443549097
1059,0.7784967791780435
1060,0.03626878033903003
1061,0.298733647489811
1062,0.31612215445706215
1063,0.09194019627664818
1064,0.43967261487513865
1065,0.03651936111274967
1066,0.2609055443655923
1067,0.6748216550927715
1068,0.7118910593676641
1069,0.16171751451765026
1070,0.554123951483008
1071,0.6720937889192293
1072,0.16985256923792247
1073,0.042402974880402566
1074,0.5090837003484462
1075,0.4804601397158419
1076,0.8305371086597779
1077,0.542723506871325
1078,0.5287889029885671
1079,0.04032384712032944
1080,0.8155288390744638
1081,0.5911640706892775
1082,0.9863466153681254
1083,0.03725967951864362
1084,0.14536746299139358
1085,0.9069584561104087
1086,0.7008149475447412
1087,0.7294809729779492
1088,0.7314039092893847
1089,0.5861744782495824
1090,0.8975093310751147
1091,0.36013994025011764
1092,0.33242134345192353
1093,0.686556855727068
1094,0.38846511301196396
1095,0.9999999999986898
1096,0.2514074853330379
1097,0.08049517145909924
1098,0.16370638721246022
1099,0.41083610676116733
1100,0.763803456518956
1101,0.38786571387041047
1102,0.20235426927754108
1103,0.7789233325127662
1104,0.8183828234926918
1105,0.5272828495710247
1106,0.6591419934117515
1107,0.10912445954179739
1108,0.28927518644740746
1109,0.3359581861397044
1110,0.45472711096422813
1111,0.5203238874612404
1112,0.17439903451531036
1113,0.17416716024660894
1114,0.03493715649319773
1115,0.6043604547824919
1116,0.4694561497267945
1117,0.6285923115860272
1118,0.48096275539183775
1119,0.4831394260081674
1120,0.6264610156291972
1121,0.037024469070486066
1122,0.1775826310630887
1123,0.24888046077246506
1124,0.2092432433436937
1125,0.6259338279734756
1126,0.06374589788513163
1127,0.7700962747730912
1128,0.4226969379723472
1129,0.30016678912676553
1130,0.4332887963419232
1131,0.40259362812455335
1132,0.22821024138227264
1133,0.6092913747054699
1134,0.5794038921795253
1135,0.45181130688672966
1136,0.07074237981902765
1137,0.5321292631721901
1138,0.6469744342278356
1139,0.7559078912094245
1140,0.42322370842992885
1141,0.05063817039625307
1142,0.14206797868549004
1143,0.5390926670480648
1144,0.1736323740500294
1145,0.4709501779109676
1146,0.8221908738233308
1147,0.8196655656101192
1148,0.4813011496816739
1149,0.22543842011171678
1150,0.49431728717856394
1151,0.0492666063808056
1152,0.07821558961176711
1153,0.6944512550849197
1154,0.6598267855111692
1155,0.4160922824607679
1156,0.6990371807546835
1157,0.8061870898039625
1158,0.5461975468986447
1159,0.24932422778259122
1160,0.33497137453717385
1161,0.5064120974685913
1162,0.19383725679082875
1163,0.5941779938244711
1164,0.10302332245666024
1165,0.031181051332930476
1166,0.7188436520817645
1167,0.3553262606211325
1168,0.41314940475205375
1169,0.032749235447250946
1170,0.19245140526440552
1171,0.6876131448921776
1172,0.7919913548940737
1173,0.5113121315912641
1174,0.7204591064635111
1175,0.11996401391123013
1176,0.39864817093844096
1177,0.022232931499315267
1178,0.6738467080256115
1179,0.5518572843866202
1180,0.4937470783801594
1181,0.702253480267028
1182,0.5197690027643573
1183,0.34171857696155905
1184,0.5154514220811734
1185,0.1440093728507027
1186,0.038734254547892144
1187,0.7772635127303471
1188,0.721307406737071
1189,0.10367856684404375
1190,0.2752698532825678
1191,0.008810756988617552
1192,0.27097041189541415
1193,0.6103113337344226
1194,0.056781027214788615
1195,0.46613289103623823
1196,0.6017256568917653
1197,0.5132420901033489
1198,0.32497680562094644
1199,0.19782560498093316
1200,0.6716881153111947
1201,0.1374291212405817
1202,0.6843953419659254
1203,0.454239691842274
1204,0.26926356955127506
1205,0.15550278048395882
1206,0.22035753940278147
1207,0.7670413778663705
1208,0.6158939620145218
1209,0.6214038631710177
1210,0.1886259784416623
1211,0.07463573969877257
1212,0.8884899119660179
1213,0.034327092734295905
1214,0.22336377766577742
1215,0.7493031075033103
1216,0.2447098355940358
1217,0.5526383568704163
1218,0.474973874338792
1219,0.5013096878225827
1220,0.5667012582772202
1221,0.5923804859157031
1222,0.9237769479137736
1223,0.2987771099630797
1224,0.5308188574917927
1225,0.6892601342950939
1226,0.22787582958787223
1227,0.307497800408712
1228,0.21665620386091888
1229,0.3289337330067108
1230,0.5017086168309459
1231,0.11390067599550269
1232,0.07530989586864123
1233,0.34989544977049936
1234,0.5978290150665773
1235,0.05301038049052553
1236,0.6680904721436725
1237,0.7266792497855107
1238,0.042402974880402566
1239,0.5226593317586845
1240,0.04540705410487045
1241,0.5192111049662668
1242,0.0405696777690453
1243,0.8499665580808272
1244,0.44152064742158637
1245,0.505737513687729
1246,0.6960910252489898
1247,0.4279069649129289
1248,0.020720963519102242
1249,0.5622325528717709
1250,0.6461953541245276
1251,0.29465233456854123
1252,0.7154379521877609
1253,0.31204353089266823
1254,0.022619444223508478
1255,0.7219901732107585
1256,0.29880045666060306
1257,0.08096354336408107
1258,0.25974984590754446
1259,0.6678889974769096
1260,0.20187046223313243
1261,0.125905626499637
1262,0.009945545312156856
1263,0.5780910084188658
1264,0.8231112565788646
1265,0.22943266739057466
1266,0.6684179971490202
1267,0.03260430696443639
1268,0.2788615061290248
1269,0.31935937115584045
1270,0.05258005749970074
1271,0.15717499809817914
1272,0.5443224333540853
1273,0.08035126616882682
1274,0.35238830804130794
1275,0.08282481875664982
1276,0.5552723062069911
1277,0.7135749084570535
1278,0.6870093522965148
1279,0.04540705410487045
1280,0.5119055239185272
1281,0.06682643305637426
1282,0.06329768362425503
1283,0.47108000232580716
1284,0.5714856184420584
1285,0.2913517941723518
1286,0.06584627506699259
1287,0.15350236592768673
1288,0.19474892455813553
1289,0.7932699504447578
1290,0.0946323041238113
1291,0.500282718839484
1292,0.3222564360523986
1293,0.5550818550149901
1294,0.5102141332908927
1295,0.46516874637820393
1296,0.37960979086133595
1297,0.25661022287572455
1298,0.21762999650608572
1299,0.4684236565457237
1300,0.6333905507683459
1301,0.6109878675888907
1302,0.4674059505538697
1303,0.31113775682556866
1304,0.733742207433886
1305,0.32155226723247066
1306,0.7292698068925264
1307,0.4894544079525953
1308,0.3776058602368171
1309,0.6903021308555551
1310,0.17556128860643727
1311,0.032749235447250946
1312,0.277537336498333
1313,0.7372936892234019
1314,0.7100964980753284
1315,0.5186975506641716
1316,0.4756763059534701
1317,0.4474503360527593
1318,0.24926440875162104
1319,0.6002138465105605
1320,0.1892797943037582
1321,0.5791536274268041
1322,0.30650651998894773
1323,0.024291442647954464
1324,0.4627409296785586
1325,0.8259415436702858
1326,0.623795377450697
1327,0.9959147560898078
1328,0.5249020898146393
1329,0.4816078913371348
1330,0.4402971680440245
1331,0.45411576546742616
1332,0.33537893073083613
1333,0.08595460706382796
1334,0.612503158522864
1335,0.7065029031523005
1336,0.7118026576693879
1337,0.45807176482955636
1338,0.02526692005856268
1339,0.04964809061976505
1340,0.0587657373601409
1341,0.6100662234233756
1342,0.5267307677705182
1343,0.32040325568252026
1344,0.5738073368949055
1345,0.04724684698208703
1346,0.29794486982614277
1347,0.22398001084829988
1348,0.5681872879811685
1349,0.8591394798437846
1350,0.2992682566816214
1351,0.7115667221249682
1352,0.665434244424508
1353,0.3398639551600444
1354,0.09705929875048613
1355,0.277812383264305
1356,0.40026422137884676
1357,0.011247031290534837
1358,0.36343933622295244
1359,0.2799759968742541
1360,0.5578745611513733
1361,0.3215089551344872
1362,0.03848810734594543
1363,0.6601100806361739
1364,0.5198018183480522
1365,0.8665170272967992
1366,0.07009650855822114
1367,0.6077844547999732
1368,0.07708916701035595
1369,0.8154644852288712
1370,0.6674214689956194
1371,0.1877608655097055
1372,0.17894540363684397
1373,0.5460531932136875
1374,0.36073467370507106
1375,0.8505124123705723
1376,0.19573406108232605
1377,0.49361308735034837
1378,0.6425947923226465
1379,0.32263951489130804
1380,0.25703084552118294
1381,0.034057923482936014
1382,0.7990961759796896
1383,0.4711168827180514
1384,0.1283380674833673
1385,0.36086906928776086
1386,0.6103181259882737
1387,0.47711534199270966
1388,0.25551272874031494
1389,0.5088501863228398
1390,0.054367959378676445
1391,0.07411096949224294
1392,0.02813582223806821
1393,0.44335813005766533
1394,0.4663792355438857
1395,0.1872214611303552
1396,0.34249075354733516
1397,0.4442199432553333
1398,0.5602752974716885
1399,0.041177406152110074
1400,0.46306872087219564
1401,0.04540705410487045
1402,0.20215435736964138
1403,0.3947387711233493
1404,0.0982438240689405
1405,0.43013386908099194
1406,0.9166677002481495
1407,0.6585622213787421
1408,0.5990043527276118
1409,0.44425076892292303
1410,0.47093277951782786
1411,0.6962428514980344
1412,0.5538312489276945
1413,0.7271958360861346
1414,0.5788055344242249
1415,0.5193164106360695
1416,0.4810661614800462
1417,0.5141219413061914
1418,0.7867126735767376
1419,0.5644942603176422
1420,0.3715306166151081
1421,0.8275584926086006
1422,0.09306216744235929
1423,0.04491641511589317
1424,0.6410313607556241
1425,0.22506588498496305
1426,0.609864493757299
1427,0.6475535749942405
1428,0.7768822704900361
1429,0.36909177439471885
1430,0.17880253845016492
1431,0.04938213269449376
1432,0.47127762140089147
1433,0.23605527017979377
1434,0.7010806177752316
1435,0.019014890225423686
1436,0.4145622161189866
1437,0.4036305926986187
1438,0.21920624888842688
1439,0.6617676430249156
1440,0.5057403619563281
1441,0.6205432969934572
1442,0.877548378093537
1443,0.6479097741564503
1444,0.5352575107566726
1445,0.5929408171838029
1446,0.7183221384580607
1447,0.5363300508506753
1448,0.5105290303445971
1449,0.6688542184940547
1450,0.08689389162772954
1451,0.567677122821856
1452,0.17535846464898897
1453,0.17159203796905942
1454,0.5731464577127432
1455,0.6591747410818606
1456,0.8961487229293628
1457,0.44123398822875715
1458,0.3129590304587483
1459,0.6616432016820886
1460,0.10129094234226832
1461,0.07418013248202593
1462,0.3763329767502669
1463,0.22353680818928578
1464,0.8094649735267105
1465,0.4009203222383144
1466,0.21662523533963318
1467,0.6343895831175737
1468,0.6824802044029392
1469,0.6961608085648632
1470,0.8587890011906083
1471,0.22584803833912415
1472,0.5145041860908202
1473,0.91866553542906
1474,0.7653510760001562
1475,0.5681949612991757
1476,0.4957862991983909
1477,0.3646079407506527
1478,0.5954072773034704
1479,0.3503351059263925
1480,0.4893245488459036
1481,0.8238090944752493
1482,0.031055839714348443
1483,0.5895597982472075
1484,0.032099060391081236
1485,0.5228344777609246
1486,0.3290303418692072
1487,0.6439838370118256
1488,0.5547438237661202
1489,0.321040278754396
1490,0.4603773285230085
1491,0.5341633605649376
1492,0.6655295671056416
1493,0.14828819041682295
1494,0.7895051317594712
1495,0.4413139064215512
1496,0.3802342241127957
1497,0.22849659921779375
1498,0.027529301000953077
1499,0.6335929189692371
1500,0.8183523742921177
1501,0.4541259421691367
1502,0.45124236103840865
1503,0.26112133724545106
1504,0.8254069294037008
1505,0.8929925850743059
1506,0.6992933052172452
1507,0.06746990148473153
1508,0.168432173190591
1509,0.07493877443628061
1510,0.6691543372792419
1511,0.5214533635550911
1512,0.3279298197048667
1513,0.2056104867805073
1514,0.05041210711223498
1515,0.38875115854301
1516,0.5912494585688
1517,0.24144427265065949
1518,0.7594402790953307
1519,0.4064590221335711
1520,0.5672568456928109
1521,0.5240661821140125
1522,0.6470094116341117
1523,0.7126319737535045
1524,0.40010742837827706
1525,0.08505372976693915
1526,0.5668585290488725
1527,0.20577416380958213
1528,0.3944626981026411
1529,0.5250920841042432
1530,0.46183690456367865
1531,0.7635411343947676
1532,0.776256544940644
1533,0.3986258966116606
1534,0.09344194466485489
1535,0.7389614737161279
1536,0.6302766650347529
1537,0.06322980444999671
1538,0.21387734897496802
1539,0.12584028464194685
1540,0.9908918045649002
1541,0.2846914493297684
1542,0.4908747305561568
1543,0.42084454283377337
1544,0.5060252683161568
1545,0.045733845314233634
1546,0.25847293979040087
1547,0.16158120729476444
1548,0.054115931372188175
1549,0.0784740899188574
1550,0.3496082797204456
1551,0.5623425814924629
1552,0.6458847720780914
1553,0.5856340567443696
1554,0.9794283831889145
1555,0.1367965357254176
1556,0.21458375971679577
1557,0.04708832121403128
1558,0.5623876264194576
1559,0.04540705410487045
1560,0.2509552434920057
1561,0.0988480608597595
1562,0.3852986019997684
1563,0.2254942457343433
1564,0.053836829225080485
1565,0.0433261837759612
1566,0.009466400167817746
1567,0.17319742296804774
1568,0.6307967387314232
1569,0.30497095465219604
1570,0.227136128846678
1571,0.5419058301720645
1572,0.6711650279205295
1573,0.6105673349820465
1574,0.5197008692607585
1575,0.5915094137537191
1576,0.7880463110646181
1577,0.6627047835027051
1578,0.3415070586124449
1579,0.3954604761423811
1580,0.6869022352698746
1581,0.5972904921463721
1582,0.6521167874155221
1583,0.04442289016825951
1584,0.6453372875084047
1585,0.19844288497891294
1586,0.3170320897771062
1587,0.5913971170244505
1588,0.030261878414360233
1589,0.28974531740582976
1590,0.02646999068598188
1591,0.3151236428342409
1592,0.1770499804216542
1593,0.15854777389179142
1594,0.1224679839042987
1595,0.02606728215973031
1596,0.2023919565930683
1597,0.39131608737508283
1598,0.8376575035544517
1599,0.837026908531846
1600,0.5993696728397448
1601,0.6117199044785284
1602,0.5581747812353566
1603,0.6704078315647704
1604,0.3847892976417603
1605,0.7318078752207832
1606,0.028570001813511547
1607,0.5803132557556825
1608,0.8024641176714029
1609,0.30228758102481545
1610,0.5011411783168267
1611,0.3844132988241685
1612,0.5253024204640009
1613,0.45848739003872574
1614,0.5193342109032351
1615,0.04063332528431218
1616,0.07157079810072164
1617,0.2548766122248264
1618,0.1555537536292565
1619,0.36073610015312485
1620,0.03559383715506337
1621,0.7467146699468348
1622,0.5019237151656257
1623,0.5503987368495697
1624,0.29417247969869176
1625,0.9191957363372065
1626,0.5409992964583284
1627,0.7205585480376218
1628,0.16952540552444784
1629,0.08698862107709071
1630,0.35727423773837597
1631,0.37831603909654077
1632,0.47122015727757893
1633,0.6689511925836352
1634,0.31274193868825895
1635,0.557290271838699
1636,0.15228072604370835
1637,0.05476751162794946
1638,0.8224252360028004
1639,0.0846942186469779
1640,0.6359052359683397
1641,0.2230935356001862
1642,0.7278441239615232
1643,0.7256070388023813
1644,0.8946560426857366
1645,0.6447896533480166
1646,0.272270447208401
1647,0.9127237116407976
1648,0.5133302807724245
1649,0.8520176527864014
1650,0.648965679826996
1651,0.5480804449107958
1652,0.16402788724374828
1653,0.5832998059901102
1654,0.13393652633351938
1655,0.7602875509624116
1656,0.18118769534444734
1657,0.3971281661987751
1658,0.6833394834822368
1659,0.4042110385620542
1660,0.27384632498471484
1661,0.6355969908464258
1662,0.8062739361206368
1663,0.05265989081154421
1664,0.09483543344974843
1665,0.7316058639853369
1666,0.7852019274772788
1667,0.6053168957120514
1668,0.7182911366091745
1669,0.3842471678302348
1670,0.6924955795367143
1671,0.4444451433012059
1672,0.30134262730222705
1673,0.720467627178659
1674,0.29016789778907437
1675,0.9606805017274405
1676,0.9513499666941951
1677,0.36091672772764727
1678,0.0656567303783141
1679,0.05821502246228638
1680,0.4995641963747919
1681,0.19903471339629408
1682,0.22395172838523314
1683,0.4734288282038459
1684,0.8219662887575837
1685,0.036112118067437304
1686,0.012261779351309787
1687,0.6239647881388936
1688,0.25533894216760866
1689,0.7321510337958546
1690,0.39758034272251985
1691,0.4434803272250962
1692,0.6637119530215649
1693,0.9959147560898078
1694,0.6651400414542805
1695,0.39538910932164184
1696,0.7864269295349037
1697,0.02169785473422059
1698,0.7738439057846678
1699,0.06184921329589077
1700,0.06404576011950769
1701,0.37911339236565234
1702,0.21084075563578197
1703,0.11609338083607379
1704,0.6160975056378285
1705,0.5083170732553453
1706,0.725315775339241
1707,0.22371963705662212
1708,0.17151755739858776
1709,0.47730937404327733
1710,0.42040020637284137
1711,0.3977755322748906
1712,0.10266975552170221
1713,0.30980241196085545
1714,0.002494833454712353
1715,0.5732456069729372
1716,0.5556674673696481
1717,0.7960462081871337
1718,0.6099408800830085
1719,0.10480019274407648
1720,0.39646104514489433
1721,0.7236668209987176
1722,0.7901551202633408
1723,0.5697367954797148
1724,0.5692701786268133
1725,0.48013599663267703
1726,0.09767880117066297
1727,0.8724054018462388
1728,0.05839295877364836
1729,0.8292164012905814
1730,0.40620970956990277
1731,0.3792921092965722
1732,0.5053665227428421
1733,0.3287364211845918
1734,0.37078379317076726
1735,0.4202844698887972
1736,0.8725969711293258
1737,0.5269937505168742
1738,0.748195411274675
1739,0.3670680420499992
1740,0.6343722804443084
1741,0.16821941184140654
1742,0.6764016056742325
1743,0.03512594326329699
1744,0.4709453008535325
1745,0.822967118717502
1746,0.36374727495660986
1747,0.681976934511424
1748,0.036112118067437304
1749,0.029993572130703416
1750,0.6665679597449394
1751,0.22981636934908045
1752,0.605871862240696
1753,0.5089373940307854
1754,0.2590105100404946
1755,0.6797511532658783
1756,0.3813714649377392
1757,0.2021686956877684
1758,0.499756678978565
1759,0.5872578175592931
1760,0.8064817544277566
1761,0.33380691316311417
1762,0.6452119933657108
1763,0.5422150036707267
1764,0.4696651720284203
1765,0.04443159315681744
1766,0.46311557188370733
1767,0.15829791055399545
1768,0.07691897771208911
1769,0.41593481679944977
1770,0.042402974880402566
1771,0.33679669202387263
1772,0.18605970329324562
1773,0.21473991847686258
1774,0.03344118394532425
1775,0.36005641272553635
1776,0.03047164774582567
1777,0.30228311088571225
1778,0.7764294392837342
1779,0.5571803714247922
1780,0.06088185506598953
1781,0.42699843020565253
1782,0.6748163320809695
1783,0.0003276895069634911
1784,0.04140021068246713
1785,0.6805959268855466
1786,0.3878024978610194
1787,0.9938379361694213
1788,0.7555438374546404
1789,0.6593775136852742
1790,0.17005106976280238
1791,0.825221185293048
1792,0.2559293146965641
1793,0.501098456402869
1794,0.0003276895069634911
1795,0.7415706070975858
1796,0.6324345348156806
1797,0.11222621211095207
1798,0.6972373630759822
1799,0.5399412860768193
1800,0.4756559934082194
1801,0.38429182033021336
1802,0.29642553224091484
1803,0.04540705410487045
1804,0.6460789893628957
1805,0.7464746115695229
1806,0.2913568810852888
1807,0.7472411441806884
1808,0.7974007625029452
1809,0.03865210233532845
1810,0.6960839849334178
1811,0.4755853761637744
1812,0.01776715002268414
1813,0.2874676288479424
1814,0.36008195213078553
1815,0.2012473657422249
1816,0.5143637198572439
1817,0.9573595932629907
1818,0.49741539490901276
1819,0.7271497002446117
1820,0.22856293688147222
1821,0.11172153557673081
1822,0.9999999999987667
1823,0.5043423436202353
1824,0.8005805297249352
1825,0.04019034555956824
1826,0.17474643902813303
1827,0.11154269788254978
1828,0.04063332528431218
1829,0.6759517713654546
1830,0.5842607488392351
1831,0.29028475155252864
1832,0.4819919769175889
1833,0.9109040476860513
1834,0.24992084976859597
1835,0.4601795260164965
1836,0.516321690424463
1837,0.40750311277601314
1838,0.4682081249803287
1839,0.4089770383343695
1840,0.07365944331505192
1841,0.44228621034236604
1842,0.6683913982804164
1843,0.4320767999711317
1844,0.6917700712149847
1845,0.7263390801314166
1846,0.2867791705278423
1847,0.5869549856144787
1848,0.6453501619562074
1849,0.5245159532278936
1850,0.7187623016814784
1851,0.023866200232161683
1852,0.3955376849355492
1853,0.2875105899348642
1854,0.32461563647164193
1855,0.05172147525320869
1856,0.18022544958818487
1857,0.2683474887845845
1858,0.06990876332248253
1859,0.047323639646424054
1860,0.6079124635954638
1861,0.8408471789525818
1862,0.9999999999923566
1863,0.15051354143304052
1864,0.791612450255531
1865,0.06870841347068457
1866,0.09096633503409213
1867,0.30809241279749455
1868,0.8528035583274587
1869,0.35362430856658134
1870,0.5766114365038337
1871,0.5740757858651366
1872,0.4947483307128594
1873,0.5853131192715643
1874,0.5555030160972869
1875,0.0199459565908634
1876,0.35613991859125804
1877,0.06770378414103029
1878,0.36853442826689264
1879,0.3213600474270848
1880,0.4541296551665013
1881,0.7309595795962188
1882,0.018715122541511864
1883,0.4279329428119416
1884,0.8656920325048509
1885,0.2759277055563194
1886,0.5517091466017232
1887,0.542928432519228
1888,0.03739230241377145
1889,0.6459518554939341
1890,0.6435235893324949
1891,0.28360758504077976
1892,0.5401874224518154
1893,0.04540705410487045
1894,0.03626878033903003
1895,0.04540705410487045
1896,0.014784503292871842
1897,0.6593148470303511
1898,0.5687612332462095
1899,0.05675491510286923
1900,0.29854925948772104
1901,0.24403048372156633
1902,0.14188910397626142
1903,0.4758498037870348
1904,0.43178659278422005
1905,0.3468139058811076
1906,0.12268902857920172
1907,0.04250660463322875
1908,0.2908422342442869
1909,0.8150244028037098
1910,0.5110138347654951
1911,0.5387659372696353
1912,0.7151105642485466
1913,0.34536804947050703
1914,0.2726429542412534
1915,0.9904088141357514
1916,0.06456629611913989
1917,0.602675743599381
1918,0.050320184000837376
1919,0.5894348766699467
1920,0.714835975260427
1921,0.07773185719187237
1922,0.06582755210259095
1923,0.5761127736306091
1924,0.6758085058828044
1925,0.07074237981902765
1926,0.33941241072802064
1927,0.6798711517335085
1928,0.45750787232334833
1929,0.40413080630660037
1930,0.35389731584713513
1931,0.7079297896853649
1932,0.6406837591767262
1933,0.6120933096513839
1934,0.02656423749432124
1935,0.2718918586755915
1936,0.0416110596918533
1937,0.296423472235927
1938,0.8839183663932292
1939,0.8396892683986139
1940,0.03651936111274967
1941,0.28958339541890854
1942,0.629255614874908
1943,0.27071111408815374
1944,0.6093460450331527
1945,0.10549037739834766
1946,0.402941019898317
1947,0.03783105784494034
1948,0.6185794079290403
1949,0.6927885141661724
1950,0.7221728186839507
1951,0.5185644905968865
1952,0.04724684698208703
1953,0.4618408481718477
1954,0.5133095283907362
1955,0.3639330165414282
1956,0.5559429746255824
1957,0.027529301000953077
1958,0.42516778516812503
1959,0.6260929989009343
1960,0.03141811368593417
1961,0.36146379589527855
1962,0.203681475596859
1963,0.19866503645535893
1964,0.6248236546837
1965,0.1708892677976036
1966,0.038734254547892144
1967,0.9987855631630573
1968,0.6675148158586706
1969,0.535384575298048
1970,0.028570001813511547
1971,0.6911866572584127
1972,0.42565601819524257
1973,0.9369699293882572
1974,0.32497680562094644
1975,0.2050549084094485
1976,0.49315351452516876
1977,0.5703708952041755
1978,0.5127596403721613
1979,0.7661754135022834
1980,0.03932353527049737
1981,0.03343230310002243
1982,0.6260839548820825
1983,0.5808470341721041
1984,0.33700385973495084
1985,0.20784840057238574
1986,0.814048678325542
1987,0.02526458853464897
1988,0.9501125174317178
1989,0.6456925069906432
1990,0.15435297274079007
1991,0.2542153808675467
1992,0.5196716841140028
1993,0.42527443537072007
1994,0.049138114809553324
1995,0.4397662445879261
1996,0.04185078755035487
1997,0.5181409592439481
1998,0.6747208144725159
1999,0.6014517674099873
2000,0.4004444925273011
2001,0.9385584134582179
2002,0.08854795853752584
2003,0.15003263725128968
2004,0.45619982287743466
2005,0.15140406384142913
2006,0.7701927309079764
2007,0.08634526072656634
2008,0.9207597268712634
2009,0.7621817343072967
2010,0.5973428961464471
2011,0.6865418684753837
2012,0.01146672429415263
2013,0.6132277102201322
2014,0.08807266161569915
2015,0.39239466989614213
2016,0.6931885579766235
2017,0.3451524749409415
2018,0.04011292095837227
2019,0.3098125766714471
2020,0.492997886556505
2021,0.23528718119143077
2022,0.5356128711688118
2023,0.8041286600631696
2024,0.21187612710699621
2025,0.697644295948181
2026,0.8470340512455714
2027,0.1228369757982416
2028,0.19783940500555552
2029,0.7416513957828081
2030,0.06641852907467982
2031,0.3636972256363762
2032,0.5368859481766657
2033,0.222208462251131
2034,0.7595359752572242
2035,0.1766153529911787
2036,0.33901606658235073
2037,0.35219779397936324
2038,0.392509253022005
2039,0.09250022051170304
2040,0.37778128567192104
2041,0.2081931459699342
2042,0.22055941193825468
2043,0.054367959378676445
2044,0.2423791063655999
2045,0.23735326818288072
2046,0.03344118394532425
2047,0.5832018489017512
2048,0.578953752460549
2049,0.37628783519127884
2050,0.20708910573440842
2051,0.5650896260254283
2052,0.33270503885033986
2053,0.606826672375836
2054,0.14829674112114166
2055,0.4401785771032034
2056,0.5163633034461509
2057,0.5739848297560659
2058,0.5638895897392525
2059,0.355612658143479
2060,0.5545040021410853
2061,0.04485986384028351
2062,0.08491050758782115
2063,0.546639433314211
2064,0.8402423054361726
2065,0.08522316852017164
2066,0.28509816719508296
2067,0.27486486283425704
2068,0.5618632518720441
2069,0.68614440953362
2070,0.4029783492085923
2071,0.17231083658265378
2072,0.05764349618694731
2073,0.028570001813511547
2074,0.4030462483788976
2075,0.13515444628341466
2076,0.33483532947005556
2077,0.45982253247886196
2078,0.38715494929577554
2079,0.20056654790896578
2080,0.7741264387137671
2081,0.4783995488934195
2082,0.4466863842174438
2083,0.23360754578753107
2084,0.07146943302139386
2085,0.9470064134110308
2086,0.6665531394761459
2087,0.7513922029489134
2088,0.5996002425314646
2089,0.16271969170959621
2090,0.27447773146350285
2091,0.7548570479615453
2092,0.25255192691772343
2093,0.060321530081570374
2094,0.6009745514751956
2095,0.6652471509517468
2096,0.4245491995964219
2097,0.6405326604218498
2098,0.047644825759474374
2099,0.9485532125951227
2100,0.8121303651922176
2101,0.3446165621035434
2102,0.3958490127231028
2103,0.5159462431628881
2104,0.6796324085884566
2105,0.5361431691224015
2106,-0.0043102992563144316
2107,0.6945292013714344
2108,0.6347133194576423
2109,0.8731263974960543
2110,0.14713715342031508
2111,0.09969389300135978
2112,0.9765598323281071
2113,0.7824037706126977
2114,0.6131014884278186
2115,0.5787295578491969
2116,0.21803122712276657
2117,0.8802966762713268
2118,0.16421834600097696
2119,0.18044654375170632
2120,0.04461015028368165
2121,0.044383761884977835
2122,0.009872945568722091
2123,0.7066852067186926
2124,0.07564387765220681
2125,0.6769375392890326
2126,0.5097330899414138
2127,0.9896823031214539
2128,0.4149422776919899
2129,0.6469467991283044
2130,0.3404946154696874
2131,0.7240495727530103
2132,0.027723975375417376
2133,0.04171049276295402
2134,0.21599229432142708
2135,0.051805959504200194
2136,0.03827555963255047
2137,0.5383078551632234
2138,0.27701133838192726
2139,0.8203293145431716
2140,0.9339220519406669
2141,0.012261779351309787
2142,0.7102796254694708
2143,0.11268480226829924
2144,0.3386028170408667
2145,0.2740499883780747
2146,0.14420249614082514
2147,0.8608219216057914
2148,0.47950609510766484
2149,0.6098457938855457
2150,0.25369953570624737
2151,0.30653435125403594
2152,0.6132582053780375
2153,0.5283816601533908
2154,0.6104947234902002
2155,0.028570001813511547
2156,0.39102017412016166
2157,0.06926510788578932
2158,0.09360111584772923
2159,0.037024469070486066
2160,0.3217036014477058
2161,0.24307750486019253
2162,0.0834365395587705
2163,0.11200934136912111
2164,0.7967885509660866
2165,0.6465745227320208
2166,0.6054241500971796
2167,0.7526027558749508
2168,0.9010261538156914
2169,0.33225399152159796
2170,0.4036833837404895
2171,0.6557132069016316
2172,0.054282450286574524
2173,0.515175721194965
2174,0.042990037895542565
2175,0.5769437824185781
2176,0.837437959108055
2177,0.6998981097550645
2178,0.06706403548876727
2179,0.059138048108942076
2180,0.7169149853602754
2181,0.2568018188226845
2182,0.8546850042924611
2183,0.8311757788669636
2184,0.1601482310971497
2185,0.7151495696733439
2186,0.5667197011022286
2187,0.5284297608199959
2188,0.43934919009761475
2189,0.537064906320114
2190,0.07802124105789576
2191,0.6181179265889292
2192,0.8046821903698691
2193,0.6615247995939069
2194,0.053351530803736225
2195,0.20385495574052548
2196,0.6540659349337433
2197,0.5646964314860741
2198,0.052503673009901664
2199,0.02813582223806821
2200,0.5704449869775519
2201,0.460783539070149
2202,0.0495912131645766
2203,0.06717076210979123
2204,0.0334696084778745
2205,0.5127424994247372
2206,0.3320086294866398
2207,0.2583205686632045
2208,0.5489176567465771
2209,0.29747498837848274
2210,0.04503886348292041
2211,0.1941434513116388
2212,0.7293486973295167
2213,0.5058675911032893
2214,0.7237849187501422
2215,0.7490396001621737
2216,0.3556478745936299
2217,0.17778251706540238
2218,0.22285396353478104
2219,0.03326174744518162
2220,0.2733084387864698
2221,0.6441889363341666
2222,0.8025303108968421
2223,0.07257395877694695
2224,0.7709468065555117
2225,0.032235738138059244
2226,0.6584243051654028
2227,0.6839395801746072
2228,0.11427382251549678
2229,0.5507706121465114
2230,0.7477270000099019
2231,0.6440130450992997
2232,0.30503293487646554
2233,0.7639354587791889
2234,0.29025685971617654
2235,0.0660297790056813
2236,0.2665893883768077
2237,0.5553328742486121
2238,0.6439322371876917
2239,0.6150359665246471
2240,0.7641951150434227
2241,0.6940567418969482
2242,0.5203933173643098
2243,0.052698835880236605
2244,0.5923127691640948
2245,0.48392189196254387
2246,0.604107665159492
2247,0.44070903484137913
2248,0.03865210233532845
2249,0.45499991365772396
2250,0.056876519451204754
2251,0.10233863212075733
2252,0.01633182602677441
2253,0.7014643301854115
2254,0.027817466274279057
2255,0.20071290983557333
2256,0.6744274058092943
2257,0.7696645483371771
2258,0.8886277087774602
2259,0.6961412806551899
2260,0.45764136561454516
2261,0.4694135764451193
2262,0.49343844875018905
2263,0.34498834674586476
2264,0.04221712490386831
2265,0.7585876396528594
2266,0.05584325169041393
2267,0.2371901569735705
2268,0.1258013441509016
2269,0.5526855581121455
2270,0.025036845168710853
2271,0.5076070281306918
2272,0.6781968418475586
2273,0.7752940678205945
2274,0.29521170642992645
2275,0.2738365057724741
2276,0.370410958570183
2277,0.3226632730325114
2278,0.34094236511991716
2279,0.15727886716553263
2280,0.4227054246318579
2281,0.8038372021040197
2282,0.043759801908188845
2283,0.39371535068889596
2284,0.5712440286102625
2285,0.07535573597981526
2286,0.7371544112542694
2287,0.03205482971918039
2288,0.387353437165764
2289,0.03666385504701031
2290,0.21464789931049122
2291,0.21736326733558464
2292,0.08653069679871095
2293,0.7553123609672878
2294,0.6185782609649724
2295,0.7777809076329563
2296,0.7383848845918861
2297,0.3828477228625581
2298,0.45377035963764456
2299,0.09264109062879122
2300,0.10859516361319399
2301,0.659273762881675
2302,0.21168375644438486
2303,0.35292783984821674
2304,0.13752452599906562
2305,0.016053620962885207
2306,0.43423201700487346
2307,0.44919836700486626
2308,0.03865210233532845
2309,0.059592956528952246
2310,0.2625842689684934
2311,0.7715395743872158
2312,0.10830381542312562
2313,0.6635185580547831
2314,0.10653267857938264
2315,0.48348232743880626
2316,0.5190253310123143
2317,0.5420160482038547
2318,0.04214504621928339
2319,0.537265753872727
2320,0.4199837527200363
2321,0.4732644282923508
2322,0.2179377330142025
2323,0.4633631303806973
2324,0.43272666005472116
2325,0.19192655147334758
2326,0.3787529161626084
2327,0.057188077958124084
2328,0.7860270596220688
2329,0.38352425392964407
2330,0.2425730071705383
2331,0.09090874797212245
2332,0.5819503903976149
2333,0.21794546250041336
2334,0.4217916415538093
2335,0.04032384712032944
2336,0.16844503884335082
2337,0.38221775515927137
2338,0.43033882526223144
2339,0.6960713202220895
2340,0.5230912707729687
2341,0.5999306450336017
2342,0.6584248589713336
2343,0.1607279379058406
2344,0.18612471713726952
2345,0.10988353666315642
2346,0.48506900259558194
2347,0.601120439148902
2348,0.1878098200551993
2349,0.39399980795048906
2350,0.6076468396839841
2351,0.48528568815637585
2352,0.5925306154166327
2353,0.5567155047778731
2354,0.6069531098958731
2355,0.4521922731178655
2356,0.16771998487430229
2357,0.162796882944802
2358,0.5739631423359945
2359,0.5409575049276221
2360,0.7645706728917375
2361,0.7208521075785764
2362,0.17959899843471772
2363,0.40836579565001907
2364,0.4645428027838151
2365,0.4455211616959114
2366,0.6913459402375282
2367,0.6691678566017458
2368,0.9212771884740495
2369,0.32304855970442503
2370,0.4776749572305026
2371,0.3226831574327266
2372,0.581476599824713
2373,0.698721938850049
2374,0.3931316814414477
2375,0.5774151744112143
2376,0.4233970977448467
2377,0.06645161673563327
2378,0.5891863485638438
2379,0.6827390104994566
2380,0.8956906280552085
2381,0.17751111511836204
2382,0.042402974880402566
2383,0.5965979264290767
2384,0.3864832001596734
2385,0.35269510299018914
2386,0.5302283004004255
2387,0.9594360326468447
2388,0.49206899327579057
2389,0.693223482949372
2390,0.809299208614823
2391,0.6842193571003711
2392,0.39375554245184197
2393,0.054115931372188175
2394,0.2974507002029162
2395,0.2767911706273485
2396,0.3386420470603506
2397,0.6436499539087119
2398,0.8872929134297132
2399,0.6119750414389621
2400,0.26887050163784054
2401,0.7161433204565186
2402,0.4714504167694713
2403,0.051301500125662924
2404,0.11132593915876132
2405,0.7341604982456587
2406,0.3571816822381545
2407,0.7518656854170799
2408,0.170588931672484
2409,0.6360757372866521
2410,0.27500694793649827
2411,0.7804709176657236
2412,0.059138048108942076
2413,0.21729638841931243
2414,0.37972100417958266
2415,0.22660359682967257
2416,0.2744558939155597
2417,0.6631828373207653
2418,0.08408167948972245
2419,0.7049548347608361
2420,0.3057355848198213
2421,0.01293033983867764
2422,0.8242784887724489
2423,0.7043316276489386
2424,0.1664209438710712
2425,0.03422203507183741
2426,0.7614149808430934
2427,0.5460865363996702
2428,0.6745492724213809
2429,0.030190909955617462
2430,0.08046619936550004
2431,0.3589502375596225
2432,0.03729341205200687
2433,0.45276569856634663
2434,0.2152265619567918
2435,0.06075819512073344
2436,0.807470556008493
2437,0.7320396996590213
2438,0.41112107922934693
2439,0.2247866414647437
2440,0.5140781270102998
2441,0.7798676573005867
2442,0.6864265888139807
2443,0.021030393602861852
2444,0.7436803029452685
2445,0.27240471614160233
2446,0.38621733900414656
2447,0.5308747566275283
2448,0.6282008872286196
2449,0.590780495254998
2450,0.5521103903999
2451,0.013743068625340249
2452,0.7027261258795818
2453,0.11908031978593714
2454,0.5157900016871608
2455,0.1326027510844794
2456,0.7169773357948985
2457,0.034163782259694075
2458,0.04988166762192536
2459,0.3848206172707662
2460,0.5827562333678167
2461,0.6775691172102722
2462,0.7340758010727875
2463,0.5942954652871011
2464,0.29353164163100187
2465,0.9916513865582979
2466,0.01584150375832938
2467,0.5662868850679703
2468,0.6577659563989704
2469,0.08292268606913511
2470,0.4145655893517357
2471,0.48491980732701956
2472,0.8296364626371113
2473,0.48163711880804816
2474,0.5102174320065402
2475,0.5538425445221674
2476,0.08533626450720466
2477,0.7357604585210513
2478,0.13383314208196406
2479,0.19333381609971978
2480,0.18172066423365907
2481,0.04540705410487045
2482,0.040204074612956164
2483,0.7016342752054905
2484,0.4373903496149142
2485,0.4430191504303612
2486,0.50704904755446
2487,0.24201056679818556
2488,0.8910843840724101
2489,0.12391611579715534
2490,0.32190078526297516
2491,0.3320120066216715
2492,0.3801146853953691
2493,0.04961686981924551
2494,0.15554531377492697
2495,0.6193220674712965
2496,0.2541796698300063
2497,0.4451913749337958
2498,0.5369354121625964
2499,0.272676105953243
2500,0.2534985952233444
2501,0.3102602774447434
2502,0.24598628013371704
2503,0.43649523942292023
2504,0.7502920744645221
2505,0.2452483772559485
2506,0.16167830983462494
2507,0.028746198515705812
2508,0.3778903614963619
2509,0.35000816487136
2510,0.042402974880402566
2511,0.5267995707132782
2512,0.04203628851432617
2513,0.04508566731717378
2514,0.48702783080788536
2515,0.42553645048933797
2516,0.44297007541145206
2517,0.39220587212699987
2518,0.823797226884218
2519,0.09360161967159664
2520,0.042402974880402566
2521,0.37322558160981767
2522,0.7050922228005889
2523,0.47778676488954697
2524,0.18253204240142584
2525,0.42446265058745114
2526,0.07165198591779831
2527,0.3290259111289402
2528,0.20092602741674193
2529,0.6160054942257669
2530,0.37298277066618735
2531,0.3692477084355046
2532,0.5101354130000679
2533,0.7240461052070897
2534,0.8855777144047756
2535,0.09464771473770195
2536,0.042402974880402566
2537,0.722247470807547
2538,0.3246120717219052
2539,0.5070137276989636
2540,0.5555545524179164
2541,0.30856154216594145
2542,0.558941598821449
2543,0.8107309294904811
2544,0.2461601154478248
2545,0.4608165913577622
2546,0.07839227148658667
2547,0.08318927557740141
2548,0.6733982564415313
2549,0.6432977219914919
2550,0.4066986880826825
2551,0.04977879614365721
2552,0.780634526122346
2553,0.39868608008307627
2554,0.5515232369180184
2555,0.7375274392751925
2556,-0.0055045856442415
2557,0.04508566731717378
2558,0.7747719794600908
2559,0.4875436950176464
2560,0.1634569624174218
2561,0.4061634826585544
2562,0.558294946894325
2563,0.5921317752041679
2564,0.12779129729601735
2565,0.02641902170734689
2566,0.604154290071307
2567,0.08399876695042718
2568,0.08109814476356769
2569,0.6362651294568706
2570,0.11581900301729475
2571,0.28011641528819065
2572,0.20945950282164238
2573,0.6567326042324275
2574,0.5450431549163643
2575,0.5931810623902478
2576,0.6100725347906395
2577,0.7029207682663117
2578,0.0070978956370622015
2579,0.27192512246079703
2580,0.48486038001368503
2581,0.2268753343308313
2582,0.833253356801144
2583,0.6106742256083807
2584,0.33498661987697465
2585,0.052949681651633496
2586,0.43553210014007526
2587,0.0266280384782398
2588,0.5103466949862121
2589,0.12870055763735655
2590,0.20442472338008932
2591,0.6275175276059417
2592,0.2826628446606769
2593,0.04140021068246713
2594,0.07157079810072176
2595,0.03456511845582888
2596,0.5323792308879363
2597,0.14865697896257968
2598,0.7694660201612304
2599,0.15808600342706625
2600,0.6681964690345603
2601,0.7969793822829089
2602,0.588869971929987
2603,0.046207358280663136
2604,0.5683513544197791
2605,0.5419944587391663
2606,0.19635054304335287
2607,0.5242682513391055
2608,0.9239244180528767
2609,0.047179148947933736
2610,0.03865210233532845
2611,0.2955129419627299
2612,0.33212610751858185
2613,0.9067418422275709
2614,0.5519898184705923
2615,0.4554501310179435
2616,0.14171185432885014
2617,0.5410384284747765
2618,0.19091300510458642
2619,0.06627692267015739
2620,0.14541952815315673
2621,0.8888661424730838
2622,0.6955272904363077
2623,0.027529301000953077
2624,0.25066331289342325
2625,0.24193674405751509
2626,0.04724684698208703
2627,0.5949765328528076
2628,0.02646999068598188
2629,0.40074906036953417
2630,0.4305364493800711
2631,0.23174819834812144
2632,0.22934587274812357
2633,0.3333093922168867
2634,0.2537782916047653
2635,0.6691116077691655
2636,0.6771049803263108
2637,0.8410566085913639
2638,0.8247062381024788
2639,0.2580105054191809
2640,0.5839160180570198
2641,0.40649756408467386
2642,0.11917395292590194
2643,0.4800078732074575
2644,0.4322797658743679
2645,0.5483763381846429
2646,0.017037405148032203
2647,0.9381080333527778
2648,0.5071768158322927
2649,0.19100005946490928
2650,0.3293438662166228
2651,0.5852971037453899
2652,0.9817061275783144
2653,0.32624739306298656
2654,0.3198065953480488
2655,0.6627913220084498
2656,0.19488276360308476
2657,0.3286023418047105
2658,0.04800878810149256
2659,0.9166734096233753
2660,0.5443377005704031
2661,0.16516845565306992
2662,0.03077155787230379
2663,0.09520425805181365
2664,0.04499254026515909
2665,0.43583997729510215
2666,0.35978527606900657
2667,0.5578469685711933
2668,0.1647853978090532
2669,0.7212489525503376
2670,0.6085840891001117
2671,0.4793409467545371
2672,0.28887882099347506
2673,0.4178393993143442
2674,0.7804467927645419
2675,0.4457505943053731
2676,0.06093930288921179
2677,0.02606728215973031
2678,0.48046659293134364
2679,0.26944523014857313
2680,0.7810909272335012
2681,0.5483525882925421
2682,0.025289021633268516
2683,0.8281441028346469
2684,0.42457776074616416
2685,0.51913809185985
2686,0.7018876581216997
2687,0.04978842871929379
2688,0.7657695534281781
2689,0.5833037504935057
2690,0.421220964951766
2691,0.010120950147116003
2692,0.914076505942031
2693,0.5464721100751082
2694,0.945225550656814
2695,0.5183816102528639
2696,0.4920962008257852
2697,0.5341762687204865
2698,0.5852708464512779
2699,0.5747382481352259
2700,0.059814402637199726
2701,0.0734052092638533
2702,0.6562041199959949
2703,0.8973597540531085
2704,0.629046006853624
2705,0.2573378508805303
2706,0.07603331628963772
2707,0.4156882810956629
2708,0.028570001813511547
2709,0.6972550874809288
2710,0.038734254547892144
2711,0.7315360448989507
2712,0.6684448536758006
2713,0.12457141041242392
2714,0.056510535026077835
2715,0.5490426536496683
2716,0.9820180531180236
2717,0.26911005333402216
2718,0.04942309744583151
2719,0.041371701967814034
2720,0.5975484148958744
2721,0.6258044815568826
2722,0.759542970460821
2723,0.783273468703741
2724,0.6772300041547661
2725,0.2497951711721127
2726,0.029834644600893134
2727,0.5551671500938042
2728,0.4694093295613553
2729,0.5269745522940456
2730,0.3876805340013706
2731,0.5676904562491905
2732,0.7713047115016917
2733,0.6750434042157608
2734,0.46720399634507326
2735,0.4842397011014936
2736,0.35068416488122944
2737,0.03865210233532845
2738,0.3070621370475055
2739,0.780610026168256
2740,0.04354459664955812
2741,0.2696893058212234
2742,0.2708641466013515
2743,0.6012418119813795
2744,0.5987866037033676
2745,0.24083045274432635
2746,0.25438372226675365
2747,0.20652721279695385
2748,0.25844570343112205
2749,0.057680390180562924
2750,0.4745331958268515
2751,0.7190017287453385
2752,0.19523135334295816
2753,0.03345027595999783
2754,0.3334382589458613
2755,0.5128159851303877
2756,0.22016454342465686
2757,0.6379414395501323
2758,0.2756479109745945
2759,0.35649238734007904
2760,0.03466368026062017
2761,0.033423932844480087
2762,0.7033683113327409
2763,0.4526252145063798
2764,0.6026540201875483
2765,0.533520897615356
2766,0.7634345070608463
2767,0.6445369708716553
2768,0.495223281906098
2769,0.48987011601102104
2770,0.019014890225423686
2771,0.2628537903077729
2772,0.5178877842303427
2773,0.1288114341725406
2774,0.7424415140509708
2775,0.6379753551797759
2776,0.1745290895699999
2777,0.31558625148123187
2778,0.274575798522949
2779,0.7327349435918201
2780,0.6740929938824048
2781,0.5231128482209633
2782,0.23007031689345459
2783,0.6657570628924303
2784,0.5095332574452058
2785,0.3668221752915265
2786,0.4529426205637991
2787,0.07344020759758374
2788,0.7500445574476181
2789,0.16793387994196107
2790,0.07898131052590263
2791,0.5578579157397625
2792,0.5021512155464122
2793,0.38767475422889897
2794,0.7462889114966862
2795,0.2789501543627003
2796,0.04499254026515909
2797,0.11459572261892559
2798,0.1723453081761933
2799,0.7044508635321636
2800,0.5245714253485942
2801,0.34799633756639914
2802,0.5914454067608881
2803,0.255654420344251
2804,0.591274778150356
2805,0.0868675288618248
2806,0.5154402207963268
2807,0.08151700076075141
2808,0.4069067401927524
2809,0.08151588880521132
2810,0.8957512062907567
2811,0.052603089788884505
2812,0.585370692407002
2813,0.6182343034892402
2814,0.6793131047095375
2815,0.825579611757137
2816,0.25653225896477616
2817,0.7118743633475921
2818,0.5761767227703385
2819,0.4445916742730581
2820,0.2978977769574934
2821,0.41779332219438226
2822,0.09148838576589391
2823,0.5797226293915712
2824,0.48458780785462463
2825,0.5006246869470063
2826,0.46976270089541916
2827,0.3355217526385389
2828,0.0489573854070795
2829,0.2610622030189551
2830,0.21136277731148723
2831,0.7480520703422091
2832,0.6910117353540604
2833,0.6719568235766231
2834,0.4527221761427297
2835,0.7450595566353171
2836,0.3774053583855651
2837,0.6856434147988631
2838,0.7245626260605964
2839,0.023815136432179917
2840,0.21096731001277613
2841,0.8529219641096977
2842,0.3585519521926466
2843,0.16056242585577096
2844,0.3134797393361244
2845,0.8881389738168199
2846,0.5294793008937231
2847,0.35836294452649853
2848,0.6012032957879072
2849,0.4719450254483788
2850,0.07892250260025291
2851,0.22570350904757053
2852,0.6124092758297637
2853,0.041923197408794355
2854,0.6639831626167589
2855,0.20079031786338308
2856,0.1046713964867273
2857,0.3321950216580217
2858,0.05549704651730991
2859,0.5238418821817693
2860,0.7124609995320283
2861,0.4259134784616352
2862,0.5992434222937977
2863,0.4224423808719817
2864,0.35808684026388515
2865,0.04379108496581641
2866,0.4945072363599291
2867,0.025657422451491496
2868,0.3351436486268773
2869,0.24814691267986833
2870,0.06292258489940084
2871,0.7112871712284294
2872,0.023815136432179917
2873,0.6945497004336534
2874,0.5620265701771983
2875,0.7785336247111531
2876,0.2975749640333737
2877,0.2812951095024382
2878,0.7262360716256344
